2022 RANK,2021 RANK,Company,CITY,STATE,USDOT,EXECUTIVE,TITLE,WEBSITE,PRIMARY OPERATION,CARRIERS, 2021 REVENUE , LEASED TRUCKS , OWNED TRUCKS , TOTAL TRUCKS , LEASED TRACTORS , OWNED TRACTORS , TOTAL TRACTORS , LEASED TRAILERS , OWNED TRAILERS , TOTAL TRAILERS , COMPANY DRIVERS , INDEPENDENT CONTRACTOR DRIVERS , TOTAL DRIVERS
1,1,FedEx Corp.,Memphis,TN,,Frederick W. Smith,"Chairman, Pres., & CEO",www.fedex.com,Packages,FedEx Express/FedEx Freight/FedExGround/FedEx Supply Chain/FedEx Custom Critical,"62,190,000,000","85,840","33,736","119,576","16,968","20,637","37,605", 80 ,"136,755","136,835",,,"190,119"
2,2,"UPS/United Parcel Service, Inc.",Atlanta,GA,,Carol B. Tomé,CEO,www.ups.com,Packages,UPS/Worldwide Dedicated Services/UPS Cartage/UPS Supply Chain Inc.,"61,198,000,000", 10 ,"104,661","104,671", "0","29,986","29,986", "0","100,185","100,185",,,"127,858"
3,3,"J.B. Hunt Transport, Inc.",Lowell,AR,80806,"John N. Roberts, III",President and CEO,www.jbhunt.com,General Freight,,"12,168,000,000", 471 , 747 ,"1,164","2,053","19,657","21,710","5,234","127,953","133,187",,,"26,224"
4,7,TFI International,Saint-Laurent,QC,,Alain Bédard,"Chairman of the Board, President & CEO",www.tfiintl.com,General Freight,"Toronto Tank Lines/Schilli Corp./Les Services JAG/Aulick Leasing Corp./BeavEx Inc./Piston Tank Corp./AT Group US Logistics, LLC/Craler Inc.","6,468,785,000", 21 , 222 , 243 ,"1,567","11,386","12,953", 494 ,"48,407","48,901","29,051","6,922","35,973"
5,4,Knight-Swift Holdings,Phoenix,AZ,,Dave Jackson,CEO,www.knight-swift.com,General Freight,Swift Transportation Co./Knight Transportation Co/Bar-Nunn/TransMex/AAA Cooper,"5,998,019,000", "0", "0", "0","2,203","18,551","20,754","13,387","72,479","85,866","19,400","1,853","21,253"
6,5,Yellow Corp.,Overland Park,KS,,James L. Welch,CEO,www.yrcw.com,General Freight,,"5,121,800,000", 43 , 419 , 462 ,"2,198","11,929","14,127","9,436","33,851","43,198",,,"16,701"
7,6,"XPO Logistics, Inc.",Greenwich,CT,281716,Bradley Jacobs,Founder & CEO,www.xpo.com,General Freight,"XPO Logistics, Inc.","9,597,000,000", 58 , 203 , 261 , 435 ,"7,966","8,401","3,835","26,172","30,007","12,773", "0","12,773"
8,9,"Landstar System, Inc.",Jacksonville,FL,,Jim B. Gattoni,President & CEO,www.landstar.com,General Freight,Landstar Ranger/Landstar Express America/Landstar Inway/Landstar Gemini/Landstar Ligon/Landstar Global Logistics/Landstar Canada,"6,537,568,000", 258 , "0", 258 ,"11,633", "0","11,633","4,492","13,603","18,095",,,"11,281"
9,8,Schneider ,Green Bay,WI,,Mark Rourke,President & CEO,www.schneider.com,General Freight,,"5,608,700,000", "0", 39 , 39 ,"2,265","9,151","11,416", 22 ,"37,183","37,205",,,"13,355"
10,10,"Old Dominion Freight Line, Inc.",Thomasville,NC,107478,David S. Congdon,Executive Chairman,www.odfl.com,General Freight,"Old Dominion Freight Line, Inc.","5,256,328,000", "0", 151 , 151 , "0","10,403","10,403", "0","41,220","41,220","11,802", "0","11,802"
11,11,Estes Express Lines,Richmond,VA,,Rob Estes,President & CEO,www.estes-express.com,General Freight,"Estes Express Lines/GI Trucking Company/Estes Forwarding Worldwide/Level 2 Logistics/Big E Transportation/Estes Final Mile/Estes SureMove/Estes Truckload Management/Eastern Freightways, Inc.","4,448,756,000", "0", 526 , 526 , "0","8,652","8,652", 100 ,"33,995","34,095","9,937", "0","9,937"
12,12,Penske Logistics,Reading,PA,268015,Marc Althen,President,www.penskelogistics.com,Dedicated Contract Carriage,Penske Logistics/Epes Transport/Black Horse Carriers,"3,700,000,000", 830 , "0", 830 ,"7,544", "0","7,544","21,313", "0","21,313","11,313", 155 ,"11,468"
13,13,"Werner Enterprises, Inc.",Omaha,NE,53467,Derek J. Leathers,"Chairman, President & CEO",www.werner.com,General Freight,"Werner Enterprises, Inc.","2,734,372,000", 270 , 130 , 400 , 306 ,"7,973","8,279", "0","27,790","27,790","9,992", 265 ,"10,257"
14,14,Ryder Supply Chain Solutions,Miami,FL,165420,J. Steven Sensing,"President, Global Supply Chain Solutions",www.ryderscs.com,Dedicated Contract Carriage,,"4,611,986,000", 735 , "0", 735 ,"4,949", "0","4,949","9,942", "0","9,942",,,"9,098"
15,17,R+L Carriers,Wilmington,OH,,Ralph L. Roberts,CEO,www.rlcarriers.com,General Freight,,, "0", 831 , 831 , 35 ,"6,928","6,963", "0","20,009","20,009",,,"8,858"
16,15,"Prime, Inc.",Springfield,MO,3706,Robert E. Low,President,www.primeinc.com,Refrigerated,"Prime, Inc.","2,408,121,000", "0", "0", "0", "0","7,012","7,012", "0","14,700","14,700","3,000","6,448","9,448"
17,18,Evans Network of Companies,Schuylkill Haven,PA,,"Matthew""Bo""Bates",President & CEO,www.evansdelivery.com,Intermodal,Evans Delivery/West Motor Freight/Hale Intermodal/All Points Transport/Century Express/DM/Trans Land Transportation/Phoenix Transit & Logistics/Commercial Transportation LLC & Drayage Express of DE LLC/Madaris Transportation/Catfish Container/Pierside/National Drayage Services,"2,050,000,000", "0", "0", "0","8,500", "0","8,500","1,000", 500 ,"1,500", "0","8,500","8,500"
18,24,ArcBest,Fort Smith,AR,,Judy R. McReynolds,"Chairman, President & CEO",arcb.com,General Freight,ABF Freight/ArcBest/Panther Logistics,"3,980,067,000", 319 , "0", 319 , 311 ,"4,340","4,651", "0","23,448","23,448",,,"8,114"
19,16,"U.S. Xpress Enterprises, Inc.",Chattanooga,TN,,Ray Harlin,President,www.usxpress.com,General Freight,,"1,948,526,000", "0", 45 , 45 , 985 ,"5,428","6,413","2,496","120,224","122,720",,,"7,262"
20,19,Kenan Advantage Group,North Canton,OH,,Charlie DeLacey,CEO,www.thekag.com,Tank/Bulk Commodities,Kenan/Advantage Tank/KAG West/Klemm Tank/BXI/North Canton Transfer/Petro-Chemical/KAG Specialty Products/KAG Food Products/KAG Merchant Gas/RTL-Westcan/Ag Trucking,"1,903,687,000", "0", "0", "0","1,623","5,515","7,138", 301 ,"11,886","12,187","5,747","1,446","7,193"
21,20,Saia Inc.,Johns Creek,GA,29124,Rick O'Dell,CEO,www.saia.com,General Freight,,"2,288,704,000", "0", 62 , 62 , "0","4,880","4,880", "0","18,398","18,398",,,"5,998"
22,23,"CRST International, Inc.",Cedar Rapids,IA,,Hugh Ekberg,President and CEO,www.crst.com,General Freight,CRST Expedited/CRST Malone/CRST Dedicated/Specialized Transportation Inc./Gardner Trucking/BESL Transfer/Pegasus Transportation,, 110 , "0", 110 ,"1,507","3,689","5,196", "0","14,558","14,558",,,"6,136"
23,21,NFI,Camden,NJ,1486168,Sidney Brown,CEO,www.nfiindustries.com,Dedicated Contract Carriage,"National Freight, Inc./NFI Interactive Logistics/California Cartage Co./G&P Transportation","3,122,000,000", "0", 2 , 2 ,"1,700","2,900","4,600","1,500","11,500","13,000","3,800","1,500","5,300"
24,22,Daseke,Addison,TX,,Brian Bonner,Chairman,www.daseke.com,Flatbed/Specialized/Heavy Haul,Smokey Point Distributing/Belmont Enterprises/E.W. Wylie/Big Freight Systems/Kelsey Trail Trucking/J. Grady Randolph/Central Oregon Trucking Company/Boyd Bros./WTI/Mid Seven Transportation/Lonestar Transportation/Steelman Transportation/Group One/Bulldog Highway Express/Hornady Transportation/Tri-State/Tennessee Steel Haulers/Alabama Carriers/Fleet Movers,"1,556,800,000", 11 , 79 , 90 ,"2,336","2,977","5,313","2,091","10,951","13,042",,,"5,430"
25,27,Day & Ross,Hartland,NB,19176,Bill Doherty,CEO,www.dayross.com,Dedicated Contract Carriage,Day & Ross,"1,488,500,000", 385 , 275 , 660 ,"2,800","1,800","4,600","1,065","8,085","9,150","1,500","4,400","5,900"
26,30,Averitt Express,Cookeville,TN,36684,Gary D. Sasser,Chairman & CEO,www.averitt.com,General Freight,"Averitt Express, Inc.","1,532,953,390", "0", 42 , 42 , "0","4,871","4,871", "0","15,646","15,646","5,442", "0","5,442"
27,26,"Universal Logistics Holdings, Inc.",Warren,MI,,Tim Phillips,CEO,www.goutsi.com,General Freight,,"1,750,980,000", 8 , "0", 8 ,"4,032", 283 ,"4,315","2,758","1,676","4,434",,,"4,887"
28,25,Crete Carrier Corporation,Lincoln,NE,,Tonn Ostergard,President & CEO,www.cretecarrier.com,General Freight,"Crete Carrier Corporation, Hunt Transportation, Shaffer Trucking",, "0", "0", "0", 279 ,"5,003","5,282", "0","13,597","13,597",,,"5,001"
29,29,"CR England, Inc.",Salt Lake City,UT,28406,Daniel E England,Chairman,www.crengland.com,Refrigerated,"CR England, Inc.","1,644,004,000", "0", "0", "0", 4 ,"3,820","3,824", "0","5,544","5,544","4,838", 7 ,"4,845"
30,39,DHL Express Americas,Plantation,FL,,Mike Parra,CEO,www.dhl-usa.com,Packages,,"6,052,009,000", 242 , 79 , 321 ,"1,048", 430 ,"1,478","2,685", 736 ,"3,421",,,"5,108"
31,31,Hub Group,Oak Brook,IL,801828,Phillip Yeager,President & COO,www.hubgroup.com,Intermodal,Hub Group Trucking,"4,232,383,000", 53 , "0", 53 , 787 ,"2,203","2,990", 643 ,"5,018","5,661",,,"3,207"
32,32,Ruan,Des Moines,IA,,Ben McLean,CEO,www.ruan.com,Dedicated Contract Carriage,Ruan Transport Corp./Ruan Logistics Corporation,"1,426,900,000", 14 , 79 , 93 , 130 ,"3,257","3,387", 219 ,"8,866","9,085","4,000", "0","4,000"
33,37,PS Logistics,Birmingham,AL,1243338,Scott Smith,CEO,www.pslogistics.com,Flatbed/Specialized/Heavy Haul,"P&S Transportation, LLC/Blair Logistics, LLC/Shelton Trucking, LLC/MTB Transport, LLC/Purdy Brothers Trucking, LLC/Loudon County Trucking, LLC/TA Services, LLC/DT Freight, LLC/Red Mountain Transportation, LLC/National Strategic Transport, LLC/HS Express, LLC/DMT Trucking, LLC/Southeast Logistics & Transport, LLC/Riechmann Transport/Celadon Logistics Services, Inc./J. Carter Trucking, Inc./Curry's Transportation Service, Inc.","1,275,000,000", "0", "0", "0","1,885","2,039","3,924", 317 ,"6,050","6,367","1,720","1,840","3,560"
34,44,Bennett Family of Companies,McDonough,GA,,Marcia Taylor,CEO,www.bennettig.com,Flatbed/Specialized/Heavy Haul,Bennett Motor Express/Ace Doran Hauling & Rigging Co./Bennett Heavy & Specialized/Bennett Truck Transport/Bennett DriveAway/Boss Crane & Rigging/RoadMasters/American Eagle,"998,195,785", "0", 1 , 1 ,"3,198", 195 ,"3,393","1,779","1,894","3,673", 102 ,"4,523","4,625"
35,33,UniGroup,Fenton,MO,,Jason Mills,President & CEO,www.unigroup.com,Household Goods,United Van Lines/Mayflower Transit/UniGroup Logistics,"1,500,000,000","2,049", "0","2,049","2,889", "0","2,889","4,767", "0","4,767", "0","3,200","3,200"
36,34,Southeastern Freight Lines,Lexington,SC,63419,Tobin Cassels,President,www.sefl.com,General Freight,Southeastern Freight Lines,"1,476,034,504", "0", 394 , 394 , "0","2,788","2,788", "0","8,060","8,060","4,381", "0","4,381"
37,49,"Western Express, Inc.",Nashville,TN,511412,Paul Wieck,CEO,www.westernexp.com,General Freight,Western Express,"977,227,000", "0", "0", "0", 392 ,"3,178","3,570","4,727","3,900","8,627","3,100", 470 ,"3,570"
38,35,"Central Transport International, Inc.",Warren,MI,661173,Manuel Moroun,Chairman & CEO,www.centraltransport.com,General Freight,,, 149 , "0", 149 ,"2,953", "0","2,953","11,877", "0","11,877",,,"3,978"
39,28,10 Roads Express,South Holland,IL,3345061,Timothy R. Pals,CCO,www.10roadsexpress.com,Dedicated Contract Carriage,,, 29 , 167 , 196 , "0","2,945","2,945", "0","3,517","3,517",,,"4,560"
40,36,Quality Carriers,Tampa,FL,,Randy Strutz,President,www.qualitycarriers.com,Tank/Bulk Commodities,,, "0", 1 , 1 ,"2,502", 594 ,"3,096","7,966","4,680","12,646",,,"4,475"
41,38,"Covenant Transportation Group, Inc.",Chattanooga,TN,,David R. Parker,Chairman & CEO,www.covenanttransport.com,General Freight,,"1,046,003,000", 1 , "0", 1 ,"1,611","1,002","2,613", 198 ,"4,273","4,471",,,"3,901"
42,43,Cardinal Logistics Management Corp.,Concord,NC,191496,Vin McLoughlin,Chairman,www.cardlog.com,Dedicated Contract Carriage,Cardinal Logistics Management Corporation/Greatwide Dedicated Transport/Am-Can,"981,000,000", "0", 140 , 140 , "0","3,100","3,100", "0","8,000","8,000","3,150", 300 ,"3,450"
43,40,"Marten Transport, Ltd.",Mondovi,WI,74432,Timothy M. Kohl,CEO,www.marten.com,Refrigerated,"Marten Transport, Ltd.","973,644,000", "0", "0", "0", 93 ,"3,111","3,204", "0","5,299","5,299","3,108", 93 ,"3,201"
44,41,"SIRVA, Inc.",Westmont,IL,,Wes Lucas,President & CEO,www.sirva.com,Household Goods,,, 573 , "0", 573 ,"1,576", "0","1,576","1,789", 237 ,"2,026",,,"3,267"
45,42,"Heartland Express, Inc.",North Liberty,IA,,Michael Gerdin,"Chairman, President & CEO",www.heartlandexpress.com,General Freight,Heartland Express/Millis Transfer,"607,284,000", "0", "0", "0", 500 ,"3,300","3,800", 500 ,"10,500","11,000","3,790", 10 ,"3,800"
46,46,"Anderson Trucking Service, Inc.",Saint Cloud,MN,,Paul A. Pfeiffer,CFO,www.atsinc.com,Flatbed/Specialized/Heavy Haul,ATS Specialized/ATS/SunBelt Furniture Xpress/Warren Transport/New Energy Transport/Midwest Specialized Transport,"1,567,007,000", "0", "0", "0","1,580","1,008","2,588", "0","7,082","7,082","1,008","1,580","2,588"
47,45,"KLLM Transport Services, LLC",Richland,MS,154237,"James M. Richards, Jr",President & CEO,www.kllm.com,Refrigerated,KLLM Freight Services/FFE Transportation Services,"953,000,000", "0", "0", "0", "0","3,200","3,200", "0","6,100","6,100",,,
48,51,"FirstFleet, Inc.",Murfreesboro,TN,313891,Gary L. Wilson,President,www.firstfleetinc.com,Dedicated Contract Carriage,,, "0", "0", "0", "0","2,972","2,972", "0","10,920","10,920",,,"3,261"
49,61,"Hirschbach Motor Lines, Inc.",Dubuque,IA,65769,Brad Pinchuk,CEO,www.hirschbach.com,Refrigerated,"Hirschbach Motor Lines, Inc.","625,921,000", "0", "0", "0","1,898","1,163","3,061", "0","5,029","5,029","1,163","1,898","3,061"
50,52,"Bison Transport, Inc.",Winnipeg,MB,245330,Rob Penner,President & CEO,www.bisontransport.com,General Freight,"Bison Transport, Inc./Britton Transport/Searcy Trucking/H.O. Wolding","800,000,000", "0", "0", "0", "0","2,600","2,600", "0","9,000","9,000","1,600","1,000","2,600"
51,56,"Dayton Freight Lines, Inc.",Dayton,OH,273301,"Thomas L. Cronin, Jr.",President,www.daytonfreight.com,General Freight,"Dayton Freight Lines, Inc./Kelley Transportation (Truckload Division)","863,000,000", "0", 199 , 199 , "0","2,001","2,001", "0","5,254","5,254","2,778", "0","2,778"
52,48,Pitt Ohio Express LLC,Pittsburgh,PA,,Charles L. Hammel III,President,www.pittohio.com,General Freight,Pitt Ohio Express/ECM Transport/US Cargo,"900,441,000", "0", 795 , 795 , "0","1,520","1,520", "0","4,127","4,127","2,846", "0","2,846"
53,53,"TMC Transportation/Annett Holdings, Inc.",Des Moines,IA,87409,Harold W. Annett,Chairman & CEO,www.tmctrans.com,Flatbed/Specialized/Heavy Haul,,, "0", "0", "0", 198 ,"2,900","3,098", 19 ,"4,233","4,252",,,"3,175"
54,47,"Stevens Transport, Inc.",Dallas,TX,79466,Steve Aaron,Chairman & Founder,www.stevenstransport.com,Refrigerated,"Stevens Transport, Inc.","744,780,000", "0", "0", "0", "0","2,050","2,050", "0","3,600","3,600","1,650", 945 ,"2,595"
55,54,Cowan Systems LLC,Baltimore,MD,548880,Joseph Cowan,Chairman,www.cowansystems.com,General Freight,Cowan Systems LLC/Carlisle Carrier LLC,"654,730,000", "0", "0", "0", 520 ,"1,897","2,417", 210 ,"7,247","7,457","1,800", 520 ,"2,320"
56,55,"Mercer Transportation Co., Inc.",Louisville,KY,154712,James L. Stone,President,www.mercer-trans.com,Flatbed/Specialized/Heavy Haul,"Mercer Transportation Co., Inc.","614,206,866", "0", "0", "0","2,180", "0","2,180","1,580", 600 ,"2,180", "0","2,580","2,580"
57,50,Forward Air Corp.,Greeneville,TN,,Tom Schmitt,Chairman & CEO,www.forwardair.com,General Freight,,"1,662,427,000", "0", "0", "0", 598 , 267 , 865 , 126 ,"6,983","7,109",,,"3,890"
58,58,"P.A.M. Transportation Services, Inc.",Tontitown,AR,179752,Joe Vitiritto,President & CEO,www.pamtransport.com,General Freight,P.A.M. Transport Inc.,"707,120,000", "0", "0", "0", 378 ,"1,592","1,970", "0","6,859","6,859","1,831", 415 ,"2,246"
59,69,IMC Companies,Memphis,TN,292991,Mark H George,Chairman,www.imcc.com,Intermodal,Atlantic Intermodal Services/DNJ Intermodal Services/Gulf Intermodal Services/H&M Intermodal Services/Intermodal Cartage Company/Ohio Intermodal Services/Pacific Drayage Services/TransInternational Systems,"982,630,000", "0", "0", "0","1,200", 500 ,"1,700", "0", 150 , 150 , 550 ,"1,250","1,800"
60,59,"Roehl Transport, Inc.",Marshfield,WI,74481,Richard Roehl,President,www.roehl.net,General Freight,"Roehl Refrigerated Transport, LLC",, "0", 7 , 7 , 150 ,"2,126","2,276", "0","6,077","6,077",,,"2,441"
61,64,"Hogan Transports, Inc.",St. Louis,MO,226618,David Hogan,President,www.hogan1.com,General Freight,Hogan Transports,, "0", "0", "0", "0","2,150","2,150", "0","2,950","2,950","2,350", "0","2,350"
62,68,USAT Capacity Solutions,Van Buren,AR,213754,James D. Reed,President & CEO,www.usa-truck.com,General Freight,"USA Truck, Inc.","710,400,000", "0", "0", "0", 71 ,"1,601","1,672", 703 ,"5,279","5,982","1,386", 641 ,"2,027"
63,63,"Atlas Van Lines, Inc.",Evansville,IN,125550,Jack Griffin,Chairman & CEO,www.atlasworldgroup.com,Household Goods,"Atlas Van Lines, Inc.","725,040,865","1,581", "0","1,581","1,667", "0","1,667","3,400", 198 ,"3,598", "0","1,063","1,063"
64,62,Trimac Transportation,Calgary,AB,,Mathew Faure,CEO,www.trimac.com,Tank/Bulk Commodities,,, "0", "0", "0", 876 , 880 ,"1,756", 38 ,"2,155","2,193",,,"1,739"
65,66,US 1 Industries,Valpariso,IN,,David Antonson,President,www.us1industries.com,Intermodal,,, 1 , "0", 1 ,"1,898", "0","1,898", 301 , "0", 301 ,,,"2,048"
66,60,"United Road Services, Inc.",Plymouth,MI,790261,Mark Anderson,CEO,www.unitedroad.com,Motor Vehicles,"United Road Services, Inc./Team Drive-Away, Inc.","638,000,000", "0", "0", "0", 750 ,"1,000","1,750", 750 ,"1,000","1,750", 759 , 750 ,"1,509"
67,70,"A Duie Pyle, Inc.",West Chester,PA,113594,John Luciani,COO,www.aduiepyle.com,General Freight,"A Duie Pyle, Inc.","628,389,790", "0", 167 , 167 , 95 ,"1,396","1,491", 81 ,"2,663","2,744","1,945", 5 ,"1,950"
68,71,MVT Services LLC/Mesilla Valley Transportation,Las Cruces,NM,270179,Royal Jones,President,www.m-v-t.com,General Freight,"MVT Services, Inc./Mesilla Valley Transportation","493,975,333", "0", "0", "0", 210 ,"1,586","1,796", "0","6,000","6,000","1,703", 198 ,"1,901"
69,57,RoadOne IntermodaLogistics,Randolph,MA,2365308,Ken Kellaway Jr.,President & CEO,www.roadone.com,Intermodal,United Global Logistics/US IntermodaLogisitcs/American IntermodaLogistics/First Coast IntermodaLogistics/Mile High IntermodaLogistics/GuideOne IntermodaLogistics/Crown IntermodaLogistics,, 15 , "0", 15 ,"1,852", "0","1,852", 188 , "0", 188 ,,,"1,987"
70,67,CEVA Logistics Americas,Houston,TX,,Shawn Stewart,"Executive Vice President, Freight Management, North America",www.cevalogistics.com,General Freight,,, 622 , 2 , 624 ,"1,117", 52 ,"1,169","2,802", 310 ,"3,112",,,"2,593"
71,65,Heniff Transportation Systems,Oak Brook,IL,759493,Robert J. Heniff,CEO,www.heniff.com,Tank/Bulk Commodities,,, "0", "0", "0","1,806", "0","1,806","5,066", "0","5,066",,,"1,347"
72,94,C.A.T. Inc.,Coteau Du Lac,QC,247969,Daniel Goyette,President,www.cat.ca,General Freight,,"500,000,000", "0", "0", "0", 700 , 900 ,"1,600","3,000","1,200","4,200","1,200", 400 ,"1,600"
73,76,Foodliner/Quest Liner Inc.,Dubuque,IA,,Greg McCoy,President,www.foodliner.com,Tank/Bulk Commodities,"Foodliner, Inc./Quest Liner, Inc./W.W. Transport, Inc.","437,052,600", "0", "0", "0", 245 ,"1,366","1,611", "0","3,042","3,042","1,160", 245 ,"1,405"
74,72,"Kaplan Trucking Co./Horizon Freight System, Inc.",Cleveland,OH,,David Ferrante,President,www.horizonfreightsystem.com,Intermodal,,, "0", "0", "0", 940 , 673 ,"1,613", 544 , 100 , 644 ,,,"1,613"
75,75,"Maverick USA, Inc.",Little Rock,AR,178538,Steve Williams,CEO,www.maverickusa.com,Flatbed/Specialized/Heavy Haul,"Maverick Transportation, LLC","397,716,965", "0", "0", "0", 63 ,"1,372","1,435", 24 ,"2,343","2,367","1,440", 84 ,"1,524"
76,89,Dart Transit Co.,Eagan,MN,,Donald Oren,Chairman,www.dart.net,General Freight,Dart Transit Co./Dart Express/Mainstream Transportation,, "0", "0", "0", 225 ,"1,136","1,361","1,115","5,470","6,585",,,"1,508"
77,77,Challenger Motor Freight Inc.,Cambridge,ON,247765,Dan Einwechter,Chairman & CEO,www.challenger.com,General Freight,Challenger Motor Freight/Motor City Express/Elgin Motor Freight/Cam Hiltz Trucking/Lodwick Transport,"402,000,000", "0", 1 , 1 , "0","1,295","1,295", "0","3,380","3,380","1,227", 250 ,"1,477"
78,81,Lynden Companies,Anchorage,AK,,Jon Burdick,President & CEO,www.lynden.com,Intermodal,"Alaska Marine Lines/Alaska West Express/Brown Line/Lynden Air Cargo/Lynden International/Lynden Transport/LTI, Inc.","1,080,000,000", "0", 100 , 100 , 100 , 800 , 900 , "0","2,400","2,400", 850 , 100 , 950
79,74,Jack Cooper Transport Co. Inc.,Kansas City,MO,64161,Robert G. Griffin,Chief Executive Officer,www.jackcooper.com,Motor Vehicles,,, "0", "0", "0", 429 , 857 ,"1,286", "0","1,284","1,284",,,"1,116"
80,73,Paladin Captal Inc.,Nashville,TN,757161,William Prevost,Chairman & CEO,www.paladin-capital.com,Dedicated Contract Carriage,Quickway Carriers/Quickway Transportation/Quickway Services/Volunteer Express/Robert Bearden/Dolphin Line/SNL Distribution Services,"339,340,854", "0", 14 , 14 , 854 , 363 ,"1,217","1,267", 647 ,"1,914","1,509", 29 ,"1,538"
81,82,"ContainerPort Group, Inc.",Cleveland,OH,232734,Joey Palmer,President,www.containerport.com,Intermodal,,"287,000,000", "0", "0", "0","1,396", 3 ,"1,399", "0", 16 , 16 , 12 ,"1,396","1,408"
82,78,"A&R Logistics, Inc.",Morris,IL,,Mark Holden,CEO,www.ARDoingitRight.com,Tank/Bulk Commodities,A&R Logistics/L.T. Harnett/First Choice Logistics/RJ's Transportation/Luckey Tank Lines,, 1 , 13 , 14 , 588 , 826 ,"1,414", 541 ,"2,175","2,716",,,"1,272"
83,90,"JHT Holdings, Inc.",Pleasant Prairie,WI,,John Harrington,CEO,www.jhtholdings.com,Motor Vehicles,Auto Truck Transport/Active USA/Unimark Truck Transport/Equipment Transfer/Active Canada/Unimark Lowboy Transportation,"414,922,000", "0", 3 , 3 , 454 , 897 ,"1,351", "0", 140 , 140 , 897 , 110 ,"1,007"
84,83,"Melton Truck Lines, Inc.",Tulsa,OK,34666,Robert A Peterson,Chairman & CEO,www.meltontruck.com,Flatbed/Specialized/Heavy Haul,"Melton Truck Lines, Inc.","339,764,100", "0", "0", "0", "0","1,276","1,276", "0","2,185","2,185","1,196", "0","1,196"
85,80,"Mr. Bult's, Inc.",Burnham,IL,387102,Tony Schmidt,President,www.mrbults.com,Tank/Bulk Commodities,,, "0", 58 , 58 , "0","1,365","1,365", "0","3,029","3,029",,,"1,072"
86,102,New Legend Inc,Phoenix,AZ,1419483,Robert D. Moffitt,Executive Vice President,www.newlegendinc.com,General Freight,,"394,000,000", "0", "0", "0", "0","1,000","1,000", "0","4,500","4,500","1,000", "0","1,000"
87,86,The Dana Companies,Avenel,NJ,,Ronald Dana,President,www.danacompanies.com,Tank/Bulk Commodities,,, "0", 1 , 1 , 805 , 480 ,"1,285", 20 ,"3,065","3,085",,,"1,246"
88,85,"Transport Investments, Inc.",Pittsburgh,PA,,Douglas B. McAdams,President,www.thetii.com,Flatbed/Specialized/Heavy Haul,,, 1 , "0", 1 ,"1,220", "0","1,220","1,303", "0","1,303",,,"1,209"
89,87,"Paschall Truck Lines, Inc.",Murray,KY,105234,David A. Gibbs,President & CEO,www.ptl-inc.com,General Freight,"Paschall Truck Lines, Inc.","264,000,000", "0", "0", "0", 45 ,"1,145","1,190", "0","3,400","3,400","1,216", 25 ,"1,241"
90,84,"Wheaton Van Lines, Inc.",Indianapolis,IN,,Mark Kirschner,CEO,www.wheatonworldwide.com,Household Goods,,, 221 , 18 , 239 , 863 , 12 , 875 , 967 , 286 ,"1,253",,,"1,167"
91,93,"Stan Koch & Sons Trucking, Inc.",Minneapolis,MN,146060,Dave Koch,CEO,www.kochtrucking.us,General Freight,"Stan Koch & Sons Trucking, Inc.","409,786,003", "0", 310 , 310 , 12 , 946 , 958 , "0","5,689","5,689", 884 , 17 , 901
92,88,May Trucking Co.,Salem,OR,94081,David Daniels,President,www.maytrucking.com,Refrigerated,May Trucking Co.,"218,581,303", "0","1,071","1,071", "0","1,071","1,071", "0","2,700","2,700", 995 , "0", 995
93,101,"PGT Trucking, Inc.",Aliquippa,PA,192897,Gregg Troian,President,www.pgttrucking.com,Flatbed/Specialized/Heavy Haul,,"325,174,000", "0", "0", "0", 432 , 575 ,"1,007", 121 ,"1,397","1,518", 415 , 501 , 916
94,117,"Acme Truck Line, Inc.",Gretna,LA,52767,Mike Coatney,Chairman of the Board,www.acmetruck.com,Flatbed/Specialized/Heavy Haul,"Acme Truck Line, Inc.","205,101,000", 469 , "0", 469 ,"1,108", "0","1,108", 769 , "0", 769 ,"1,150", "0","1,150"
95,,Western Flyer Express,Oklahoma City,OK,658909,Randy Timms,CEO,www.drivewfx.com,General Freight,,, "0", "0", "0","1,050", "0","1,050","2,325", "0","2,325",,,"1,030"
96,91,Hansen & Adkins Auto Transport,Los Alamitos,CA,568253,Louie Adkins,President,www.hansenadkins.com,Motor Vehicles,,, "0", "0", "0", 299 , 697 , 996 , 299 , 697 , 996 ,,, 996
97,95,"Trans-System, Inc.",Spokane,WA,,Dennis J. Williams,President & CEO,www.trans-system.com,General Freight,"System Transport, Inc./T-W Transport, Inc./James J. Williams","315,000,000", "0", "0", "0", 200 , 740 , 940 , 60 ,"1,886","1,946", 725 , 217 , 942
98,92,"Tri-National, Inc.",Earth City,MO,1266329,Robert Rogulic,President,www.tri-nat.com,General Freight,,, "0", "0", "0", "0", 970 , 970 , "0","2,985","2,985","1,360", "0","1,360"
99,96,"Martin Transportation Systems, Inc.",Byron Center,MI,215732,Richard E. Johnson,President,www.mtstrans.com,Dedicated Contract Carriage,,, "0", "0", "0", 15 , 960 , 975 , "0","2,700","2,700",,,"1,085"
100,99,Roadrunner Transportation Services,Downers Grove,IL,242009,Frank Hurst,President,www.rrts.com,General Freight,,, 229 , "0", 229 , 641 , 10 , 651 , 738 ,"1,661","2,399",,, 903
101,98,"TransWood Carriers, Inc.",Omaha,NE,,Brian K. Wood,President,www.transwood.com,Tank/Bulk Commodities,,, "0", "0", "0", 250 , 768 ,"1,018", 7 ,"1,550","1,557",,,"1,003"
102,108,"Artur Express, Inc.",Hazelwood,MO,767997,Artur Wagrodzki,President,www.arturexpress.com,General Freight,TTS Logistics LLC/Artur Express Freight Services/TAB,"271,911,613", "0", "0", "0", 471 , 338 , 809 , "0","3,047","3,047", 390 , 606 , 996
103,119,"Oak Harbor Freight Lines, Inc.",Auburn,WA,8314,Edward H. Vander Pol,Co-President & Co-Owner,www.oakh.com,General Freight,"Oak Harbor Freight Lines, Inc.",, "0", 51 , 51 , "0", 777 , 777 , "0","2,487","2,487",,, 979
104,106,K.L. Breeden & Sons LLC,Terrell,TX,1836511,Chad Davis,Executive Vice President,www.klbsons.com,General Freight,,, "0", "0", "0", 960 , "0", 960 , 551 , 192 , 743 ,,, 943
105,109,Venture Transport,Indianapolis,IN,911759,Doug Williams,President,www.venlog.com,General Freight,,, "0", "0", "0", 562 , 383 , 945 ,"1,100","3,120","4,220",,, 969
106,175,The Suddath Companies,Jacksonville,FL,,Michael J. Brannigan,President & CEO,www.suddath.com,Household Goods,The Suddath Companies,"735,676,270", 240 , 390 , 630 , 201 , 37 , 238 , 31 , 564 , 595 , 163 , 745 , 908
107,97,Carter Express,Anderson,IN,223337,Jessica Paugh Warnke,President & CEO,www.carter-express.com,Dedicated Contract Carriage,"Carter Express, Inc.","271,000,000", "0", 1 , 1 , 116 , 764 , 880 , 970 ,"1,360","2,330", 820 , 75 , 895
108,105,Paper Transport LLC,De Pere,WI,380482,Ben Schill,CEO,www.papertransport.com,General Freight,Paper Transport,"248,172,000", "0", 4 , 4 , 35 , 865 , 900 , "0","3,095","3,095", 865 , 35 , 900
109,107,C&K Trucking LLC,Chicago Ridge,IL,540864,Michael Burton,President,www.cktrucking.com,Intermodal,,, "0", "0", "0", 934 , 1 , 935 , 821 , 72 , 893 ,,, 934
110,110,Premier Transportation,Forest Park,GA,282577,Michael Medici,CEO,www.premiertransportation.com,General Freight,,, "0", 7 , 7 , 184 , 714 , 898 , "0","4,332","4,332",,, 905
111,112,"Tankstar USA, Inc.",Milwaukee,WI,,Jack Schwerman,President,www.tankstar.com,Tank/Bulk Commodities,,, "0", "0", "0", 643 , 755 ,"1,398","1,667","1,602","3,269",,, 574
112,104,"Groendyke Transport, Inc.",Enid,OK,4247,Greg Hodgen,President,www.groendyke.com,Tank/Bulk Commodities,"Groendyke Transport, Inc./McKenzie Tank Lines","224,890,108", "0", 1 , 1 , 854 , "0", 854 ,"1,515", "0","1,515", 820 , "0", 820
113,113,"Dupre' Logistics, LLC",Lafayette,LA,214438,Reggie Dupre,CEO,www.duprelogistics.com,Tank/Bulk Commodities,"Dupre' Logistics, LLC","360,373,396", "0", "0", "0", "0", 650 , 650 , "0","2,000","2,000", 777 , 18 , 795
114,121,"Navajo Express, Inc.",Denver,CO,202381,"Don Digby, Jr.",CEO,www.navajoexpress.com,Refrigerated,"Navajo Express, Inc.","261,740,779", "0", "0", "0", 50 , 750 , 800 , "0","2,000","2,000", 650 , 50 , 700
115,118,United Vision Logistics Holding Corp.,Lafayette,LA,286600,Rusty Guilbeau,CEO,www.visionlogisticsholding.com,Flatbed/Specialized/Heavy Haul,United Vision Logistics,, 172 , "0", 172 , 695 , "0", 695 , 940 , "0", 940 ,,, 841
116,126,"National Retail Systems, Inc.",North Bergen,NJ,,Raymond Wisniewski,President,www.nrsonline.com,Dedicated Contract Carriage,,, 17 , 13 , 30 , 485 , 334 , 819 ,"1,537","2,726","4,263",,, 732
117,127,The Decker Companies,Fort Dodge,IA,53824,Donald L. Decker,Chairman,www.deckertruckline.com,General Freight,,, "0", "0", "0", 20 , 767 , 787 , "0","1,340","1,340",,, 797
118,131,Beelman Truck Co.,East Saint Louis,IL,124260,Frank J. Beelman III,President,www.beelmantruck.com,Tank/Bulk Commodities,Sent email to Scott W,, "0", "0", "0", 87 , 704 , 791 , 8 ,"1,125","1,133",,, 904
119,144,Leonard's Express,Farmington,NY,920222,Ken Johnson,CEO,www.leonardsexpress.com,General Freight,,"327,000,000", "0", "0", "0", 162 , 461 , 623 , "0", 976 , 976 , 477 , 162 , 639
120,122,Oakley Trucking,North Little Rock,AR,3259,Dennis Oakley,President,www.bruceoakley.com,Tank/Bulk Commodities,Oakley Trucking,, "0", "0", "0", 797 , "0", 797 , "0", 951 , 951 ,,, 797
121,130,"Williams Brothers Trucking, Inc.",Hazlehurst,GA,156698,Roger L. Williams,President,www.wbtus.com,Flatbed/Specialized/Heavy Haul,,, "0", "0", "0", 202 , 665 , 867 , 219 ,"1,362","1,581",,, 639
122,123,Cassens Transport Co.,Edwardsville,IL,124358,Lisa Shashek,President,www.cassens.com,Motor Vehicles,Cassens Transport Co.,"190,510,885", "0", "0", "0", "0", 891 , 891 , "0", 891 , 891 , 609 , "0", 609
123,125,"Ozark Motor Lines, Inc.",Memphis,TN,96606,Steve Higginbotham,President,www.ozark.com,General Freight,,, "0", "0", "0", 47 , 732 , 779 , "0","2,200","2,200",,, 678
124,135,"R.E. Garrison Trucking, Inc.",Cullman,AL,95610,Wyles Griffith,President,www.regarrison.com,Refrigerated,,, "0", 1 , 1 , 111 , 608 , 719 ,"1,231", "0","1,231",,, 704
125,124,"Venture Express, Inc.",La Vergne,TN,192068,Jimmy E Allen,President,www.ventureexpress.com,General Freight,,, "0", 6 , 6 , 328 , 341 , 669 , 373 ,"3,340","3,713",,, 799
126,136,American Bulk Commodities,Boardman,OH,255968,Mark A. Carrocce,President,www.rjtrucking.com,Tank/Bulk Commodities,R&J Trucking/John Brown Trucking/Southern Haulers/DSI Bulk Transport,"174,331,415", "0", 50 , 50 , "0", 700 , 700 , "0","1,250","1,250", 550 , 125 , 675
127,133,National Carriers,Irving,TX,69310,Jim Franck,President,www.nationalcarriers.com,Refrigerated,"National Carriers, Inc.","207,150,000", "0", "0", "0", 213 , 416 , 629 ,"1,100", 250 ,"1,350", 448 , 213 , 661
128,128,"K&B Transportation, Inc.",S. Sioux City,IA,320526,Kory Ackerman,Vice President,www.kbtransportation.com,Refrigerated,"K&B Transportation, Inc.",, "0", "0", "0", "0", 697 , 697 , "0","1,362","1,362",,, 697
129,132,"JBS Carriers, Inc.",Greeley,CO,184843,Rodrigo Horvath,President,www.jbscarriers.com,Refrigerated,"JBS Carriers, Inc.","156,539,576", "0", "0", "0", 700 , 43 , 743 ,"1,010", 692 ,"1,702", 700 , "0", 700
130,134,"Spee Dee Delivery Service, Inc.",Saint Cloud,MN,247570,Donald Weeres,President,www.speedeedelivery.com,Packages,Catherine is the admin,"179,500,000", "0", 670 , 670 , "0", 119 , 119 , "0", 273 , 273 ,"1,170", "0","1,170"
131,141,Jordan Carriers,Natchez,MS,,J. Ryan Wingfield,CFO,www.jordancarriers.com,Flatbed/Specialized/Heavy Haul,,"174,917,533", "0", "0", "0", 261 , 412 , 673 , "0", 738 , 738 , 392 , 266 , 658
132,116,"J&R Schugel Trucking, Inc.",New Ulm,MN,116455,Rick Schugel,President,www.jrschugel.com,Refrigerated,,, "0", "0", "0", 5 , 671 , 676 , "0","1,798","1,798",,, 683
133,120,Dependable Supply Chain Services,Los Angeles,CA,9853,Ronald Massman,CEO,www.godependable.com,General Freight,"DHE/Dependable Highway Express, Inc./DHX Dependable Hawaiian Express/DLS/Dependable Logistics Solutions/DGX/Dependable Global Express",, 75 , 10 , 85 , 11 , 402 , 413 , "0","1,282","1,282",,, 658
134,143,Blackhawk Transport,Beloit,WI,391460,Mike Holloway,President & CEO,www.blackhawktransport.com,Dedicated Contract Carriage,Blackhawk Transport Inc./Blackhawk Logistics LLC (dba Southwest Express),"137,377,603", "0", 14 , 14 , 28 , 653 , 681 , 2 ,"1,422","1,424", 672 , 32 , 704
135,159,"Benore Logistic Systems, Inc.",Erie,MI,1238256,Jeffery M. Benore,CEO & President,www.benorelogistics.com,General Freight,,"174,000,000", "0", "0", "0", "0", 525 , 525 , 500 ,"1,500","2,000", 800 , "0", 800
136,114,"TransAm Trucking, Inc.",Olathe,KS,315503,Russell McElliott,President,www.transamtruck.com,Refrigerated,,, "0", "0", "0", 130 , 513 , 643 , 285 ,"1,436","1,721",,, 683
137,138,"Brown Integrated Logistics, Inc.",Lithonia,GA,186265,Scott Shephard,President/CEO,www.brownintegratedlogistics.com,General Freight,Brown Trucking Company,"179,715,252", "0", "0", "0", 260 , 385 , 645 ,"1,601","1,852","3,453", 461 , 140 , 601
138,154,"Fraley and Schilling, Inc.",Rushville,IN,125465,Ryan Schilling,Executive Vice President,www.fraleyandschilling.com,Flatbed/Specialized/Heavy Haul,,"163,000,000", "0", "0", "0", 60 , 611 , 671 , "0","1,048","1,048", 577 , 60 , 637
139,137,"Star Fleet Trucking, Inc.",Middlebury,IN,493424,Joel Pladson,President,www.starfleettrucking.com,Motor Vehicles,,, "0", "0", "0", 579 , "0", 579 , 31 , 15 , 46 ,,, 736
140,139,Lily Transportation Corp,Needham,MA,24491,John Simourian II,President & CEO,,Dedicated Contract Carriage,,, 107 , "0", 107 , 507 , "0", 507 ,,,"1,047",,, 867
141,140,Ward Transport & Logistics,Altoona,PA,,Bill T. Ward,President,www.wardtlc.com,General Freight,Ward Trucking LLC/Ward Truckload Express LLC/Ward Logistics LLC,"217,842,057", 26 , 106 , 132 , 94 , 290 , 384 , "0","1,080","1,080", 765 , 21 , 786
142,146,"Halvor Lines, Inc.",Superior,WI,75250,Jon W. Vinje,CEO,www.halvorlines.com,General Freight,,"141,100,000", "0", "0", "0", 128 , 498 , 626 , 10 ,"1,703","1,713", 596 , 80 , 676
143,145,Ascend,Milan,TN,96609,John W. Ross,CEO,www.milanexpress.com,General Freight,,, "0", "0", "0", "0", 630 , 630 , 548 ,"1,613","2,161",,, 627
144,142,Aim Integrated Logistics,Girard,OH,877115,Dave Gurska,COO,www.aimntls.com,Dedicated Contract Carriage,Aim Integrated Logistics Inc.,"106,500,000", 33 , 84 , 117 , 52 , 602 , 654 , 208 ,"1,202","1,410", 720 , 2 , 722
145,160,"Venezia, Inc.",Royersford,PA,,Andrew J. Venezia,President & CEO,www.veneziatransport.com,Tank/Bulk Commodities,Venezia Hauling/Venezia Bulk Transport/Venezia Liquid Tank Lines/Venezia LPG Services/Venezia Transport Service Inc,"124,554,089", "0", "0", "0", 59 , 619 , 678 , "0","1,934","1,934", 580 , 55 , 635
146,149,Wayne Transports,Rosemount,MN,166179,Curtis M. Siemers,President,www.waynetransports.com,Tank/Bulk Commodities,,, "0", "0", "0", 159 , 465 , 624 , "0","1,421","1,421",,, 624
147,147,"Freymiller, Inc.",Oklahoma City,OK,963300,David Freymiller,Chief Executive Officer,www.freymiller.com,Refrigerated,,, "0", "0", "0", 76 , 510 , 586 , "0", 937 , 937 ,,, 599
148,193,"M&M Transport Services, Inc.",Putnam,CT,342630,Mark Warsofsky,President,www.mmtransport.com,Dedicated Contract Carriage,"M&M Transport Services, Inc.","130,000,000", "0", 30 , 30 , 45 , 540 , 585 , 150 ,"2,750","2,900", 600 , "0", 600
149,151,Eagle Transport Corp.,Rocky Mount,NC,90792,Lance R. Collette,President & COO,www.eagletransportcorp.com,Tank/Bulk Commodities,Eagle Transport Corp./ECO Energy Transport,"137,000,000", "0", "0", "0", "0", 470 , 470 , 5 , 535 , 540 , 715 , "0", 715
150,153,Danny Herman Trucking Inc.,Mountain City,TN,50467,Joe Herman,President,www.dannyherman.com,General Freight,Danny Herman Trucking,"124,472,401", 202 , 252 , 454 , 202 , 252 , 454 , "0","1,252","1,252", 533 , 8 , 541
151,171,"Bay & Bay Transfer Co., Inc.",Eagan,MN,125630,Sam Anderson,President,www.bayandbay.com,Refrigerated,"Bay & Bay Transfer Co., Inc.","245,579,600", "0", "0", "0", 215 , 295 , 510 , 332 , 474 , 806 , 277 , 190 , 467
152,172,McClymonds Supply & Transit Co. Inc,Portersville,PA,269478,Mark McClymonds,President,www.mcclymonds.com,Tank/Bulk Commodities,McClymonds Supply and Transit,"120,000,000", 70 , 232 , 302 , 110 , 265 , 375 , 100 , 400 , 500 , 475 , 180 , 655
153,148,"McElroy Truck Lines, Inc.",Cuba,AL,271424,C. Jay McElroy,President,www.mcelroytrucklines.com,Flatbed/Specialized/Heavy Haul,,, "0", "0", "0", 17 , 559 , 576 , "0","1,157","1,157",,, 556
154,162,"Transportation Services, Inc.",Romulus,MI,198,Michael D. Zavislak,CEO,www.tsitrucks.com,General Freight,TSI,"107,735,000", "0", "0", "0", 120 , 475 , 595 , "0","1,845","1,845", 490 , 120 , 610
155,211,"Transervice Logistics, Inc.",Lake Success,NY,620402,Gregg Nierenberg,President & CEO,www.transervice.com,General Freight,,"278,300,000", 10 , 6 , 16 , 287 , 41 , 328 , "0", "0", "0", 600 , "0", 600
156,156,"Wiley Sanders Truck Lines, Inc.",Troy,AL,122275,Tres Parker,President,www.wsanders.com,General Freight,,"114,616,704", "0", "0", "0", 288 , 292 , 580 , "0","1,976","1,976", 576 , "0", 576
157,167,A.D. Transport Express Inc.,Canton,MI,192625,Gary A. Percy,President,www.adtransport.com,General Freight,AD Transport Express,"133,485,000", "0", "0", "0", "0", 527 , 527 , "0","1,852","1,852", 507 , 3 , 510
158,182,"Beemac, Inc.",Ambridge,PA,388467,Loren Dworakowski,President & CEO,www.beemac.com,Flatbed/Specialized/Heavy Haul,,"301,372,686", 1 , "0", 1 , 318 , 116 , 434 , 276 , 203 , 479 , 57 , 346 , 403
159,100,Wilson Logistics,Springfield,MO,1009435,Darrel Wilson,President & CEO,www.wilsonlogistics.com,General Freight,Wilson Logistics/Market Transport,, "0", "0", "0", 275 , 152 , 427 , "0", 407 , 407 ,,, 474
160,150,CalArk Inc.,Mabelvale,AR,546354,Michael Jernigan,President & CEO,www.calark.com,General Freight,CalArk International Inc.,"111,120,676", 82 , 155 , 237 , 102 , 373 , 475 , 29 ,"1,363","1,392", 452 , 99 , 551
161,165,"West Side Transport, Inc.",Cedar Rapids,IA,165881,Donald Vogt,President & CEO,www.westsidetransport.com,General Freight,"West Side Transport, Inc.","125,500,000", "0", "0", "0", 7 , 520 , 527 , 6 ,"2,211","2,217", 535 , 7 , 542
162,166,"Oakley Transport, Inc.",Lake Wales,FL,281321,Thomas E. Oakley,President,www.oakleytransport.com,Tank/Bulk Commodities,,, "0", "0", "0", "0", 564 , 564 , 50 ,"1,291","1,341",,, 557
163,158,"Pride Transport, Inc.",Salt Lake City,UT,236361,"Jeffrey England, Jr.",Owner & CEO,www.pridetransport.com,Refrigerated,"Pride Transport, Inc.","147,000,000", "0", "0", "0", 460 , 50 , 510 , "0", 865 , 865 , 500 , "0", 500
164,164,"Bulkmatic, LLC",Griffith,IN,76065,Chris Kravas,President,www.bulkmatic.com,Tank/Bulk Commodities,Bulkmatic/Paris Transport,, "0", "0", "0", 562 , "0", 562 , "0","1,553","1,553",,, 549
165,174,"Admiral Merchants Motor Freight, Inc.",Minneapolis,MN,124813,Brian Short,President & CEO,www.ammf.com,Flatbed/Specialized/Heavy Haul,"Admiral Merchants Motor Freight, Inc.","127,500,000", "0", "0", "0", 510 , "0", 510 , 650 , "0", 650 , "0", 510 , 510
166,179,"Midwest Transport, Inc.",Robinson,IL,1084722,Ken Hohlbaugh,President,www.mwtransport.com,General Freight,,, "0", 14 , 14 , "0", 451 , 451 , "0", 689 , 689 ,,, 660
167,178,"Martin Transport, Inc.",Kilgore,TX,33094,Johnnie Murry,Sr. Vice President,www.martintransport.com,Tank/Bulk Commodities,,"128,334,698", "0", 9 , 9 , 80 , 488 , 568 , "0","1,184","1,184", 341 , 80 , 421
168,190,"Titan Transfer, Inc.",Shelbyville,TN,845505,Phillip Edwards,President,www.titantransferinc.com,General Freight,,"100,028,350", "0", 15 , 15 , 45 , 560 , 605 , 35 ,"1,825","1,860", 495 , 40 , 535
169,152,"Cliff Viessman, Inc.",Gary,SD,164259,Wayne Viessman,CEO,www.viessmantrucking.com,Tank/Bulk Commodities,Jacobson Transport Inc/GTI/Johnsrud,"109,953,000", "0", "0", "0", 49 , 457 , 506 , "0", 849 , 849 , 538 , 49 , 587
170,170,"Cargo Transporters, Inc.",Claremont,NC,257768,Dennis Dellinger,President & CEO,www.cargotransporters.com,General Freight,"Cargo Transporters, Inc.","116,852,161", "0", "0", "0", "0", 490 , 490 , "0","1,800","1,800", 550 , "0", 550
171,177,"Sharkey Transportation, Inc.",Quincy,IL,55815,Jack Sharkey,,www.shke.com,General Freight,,, "0", "0", "0", 531 , "0", 531 ,"1,660", "0","1,660",,, 442
172,155,"Cypress Truck Lines, Inc.",Jacksonville,FL,186106,"Dave Penland, Sr.",President,www.cypresstruck.com,Flatbed/Specialized/Heavy Haul,Cypress Truck Lines/Sunbelt Transport LLC,"113,117,698", "0", "0", "0", "0", 550 , 550 , "0","2,300","2,300", 480 , "0", 480
173,161,"Big G Express, Inc.",Shelbyville,TN,580685,Jack Marsh,CEO,www.biggexpress.com,General Freight,,, "0", "0", "0", 513 , 14 , 527 , "0","1,704","1,704",,, 428
174,168,"Gypsum Express, Ltd.",Baldwinsville,NY,623098,John Wight,President,www.gypsumexpress.com,Flatbed/Specialized/Heavy Haul,"Gypsum Express, Ltd.","118,125,000", "0", "0", "0", "0", 550 , 550 , "0","1,500","1,500", 445 , "0", 445
175,185,"NAPA Transportation, Inc.",Mechanicsburg,PA,446997,Ronald Accomando,CEO,www.napatran.com,General Freight,,"193,545,566", "0", "0", "0", 118 , 297 , 415 , "0","1,700","1,700", 258 , 150 , 408
176,188,Load One Transportation & Logistics,Taylor,MI,1112473,John Elliott,CEO,www.load1.com,General Freight,Load One,"165,000,000", 356 , 6 , 362 , 103 , 29 , 132 , "0", 172 , 172 , 54 , 532 , 586
177,163,GP Transco,Joliet,IL,1527352,Dominic Zastarskis,CEO,www.gptransco.com,General Freight,,"146,135,000", "0", "0", "0", "0", 412 , 412 , "0", 718 , 718 , 398 , 103 , 501
178,195,"Nussbaum Transportation Services, Inc",Hudson,IL,71317,Brent Nussbaum,CEO,www.nussbaum.com,General Freight,,"115,237,176", "0", "0", "0", 1 , 502 , 503 , 55 ,"1,177","1,232", 470 , 1 , 471
179,176,Western Dairy Transport LLC,Cabool,MO,1490474,David Shelton,CEO,www.wdtmilk.com,Tank/Bulk Commodities,,, "0", "0", "0", 470 , "0", 470 , "0","1,299","1,299",,, 637
180,169,Carroll Fulmer Logistics Corp.,Groveland,FL,1021374,Philip R. Fulmer,CEO,www.cfulmer.com,General Freight,Carroll Fulmer Logistics Corp.,"167,050,595", "0", 1 , 1 , 73 , 427 , 500 , 7 ,"1,793","1,800", 260 , 73 , 333
181,180,Schuster Company,Le Mars,IA,69852,Steve Schuster,President,www.schusterco.com,Refrigerated,,"118,200,150", "0", "0", "0", 75 , 405 , 480 , "0","1,100","1,100", 380 , 70 , 450
182,186,"Heyl Truck Lines, Inc.",Akron,IA,65762,Alan Heyl,CEO,www.heyl.net,Refrigerated,Heyl Truck Lines,"106,817,626", "0", "0", "0", 36 , 450 , 486 , 5 ,"1,080","1,085", 465 , 35 , 500
183,191,"Combined Transport, Inc.",Central Point,OR,194077,Michael S Card,President,www.combinedtransport.com,Flatbed/Specialized/Heavy Haul,"Combined Transport, Inc./Blackwell Consolidated","110,072,518", "0", 1 , 1 , "0", 503 , 503 , "0", 823 , 823 , 382 , 64 , 446
184,181,Indian River Transport Co.,Winter Haven,FL,123611,John Harned,Owner,www.indianrivertransport.com,Tank/Bulk Commodities,,, "0", "0", "0", 119 , 366 , 485 , "0","1,048","1,048",,, 502
185,184,"TLD Logistics Services, Inc.",Knoxville,TN,1820774,David Jones,President and COO,www.tldlogistics.com,Dedicated Contract Carriage,,, "0", "0", "0", 450 , 30 , 480 , 530 , 272 , 802 ,,, 464
186,183,Hilco Transport,Greensboro,NC,328463,,,,Tank/Bulk Commodities,,, "0", 81 , 81 , 88 , 341 , 429 , 50 , 774 , 824 ,,, 483
187,194,Outwest Express LLC,El Paso,TX,2036998,Michael Puzio,President,www.outwestexpress.com,General Freight,Outwest Express,"103,000,000", 1 , "0", 1 , 59 , 388 , 447 , 50 ,"1,302","1,352", 417 , 76 , 493
188,196,Saddle Creek Transportation Inc,Lakeland,FL,1196553,John Erwin,Vice President,www.sclogistics.com,General Freight,,, "0", "0", "0", 51 , 362 , 413 ,"1,462", "0","1,462",,, 581
189,198,"Buddy Moore Trucking, Inc.",Birmingham,AL,843883,Cary E. Moore,President & COO,buddymooretrucking.com,General Freight,"Buddy Moore Trucking, Inc","103,000,000", 70 , 300 , 370 , 70 , 300 , 370 , 45 , 700 , 745 , 300 , 70 , 370
190,205,Watsontown Trucking Company,Milton,PA,10715,Steve Patton,President,www.watsontowntrucking.com,General Freight,,"104,390,983", "0", 2 , 2 , "0", 446 , 446 , 161 ,"1,385","1,546", 441 , 45 , 486
191,213,Charger Logistics,Griffith,IN,2014604,,,,General Freight,,, "0", "0", "0", 182 , 226 , 408 , 225 , "0", 225 ,,, 522
192,192,Fremont Contract Carriers,Fremont,NE,733,Tim McCormick,President & CEO,www.fcc-inc.com,General Freight,,, "0", 1 , 1 , 87 , 333 , 420 , "0","1,532","1,532", 298 , 89 , 387
193,200,"Slay Transportation Co., Inc.",Saint Louis,MO,77890,Gary E. Slay,President,www.slay.com,Tank/Bulk Commodities,,, "0", "0", "0", 273 , 214 , 487 , 105 ,"1,016","1,121",,, 392
194,157,B&W Cartage Company,Taylor,MI,128493,Stephen M. Klein,President,www.ilg.com,General Freight,,, "0", "0", "0", 421 , "0", 421 ,"1,271", "0","1,271",,, 421
195,199,"Andy Transport, Inc.",Saint-Laurent,QC,1547667,Andreea Crisan,President & CEO,www.andytransport.com,General Freight,Tristan Cartage/Andy Warehousing & Distribution,, "0", "0", "0", "0", 415 , 415 , "0", 915 , 915 , 430 , 80 , 510
196,207,"Poly Trucking, Inc.",Grand Prairie,TX,160955,Steven G. Ross,President,www.poly-trucking.com,General Freight,,, "0", 18 , 18 , "0", 475 , 475 , "0", 962 , 962 ,,, 270
197,129,TransX Ltd,Winnipeg,MB,180162,Mike Jones,COO,www.transx.com,General Freight,,, "0", "0", "0", 427 , "0", 427 , "0","1,705","1,705",,, 392
198,202,"United Petroleum Transports, Inc.",Oklahoma City,OK,185040,Greg Price,President,www.otl-upt.com,Tank/Bulk Commodities,,, "0", "0", "0", 243 , 173 , 416 , 29 , 658 , 687 ,,, 498
199,209,Sweet Express LLC,Grand Rapids,MI,1128178,Damir Vidinlic,President,www.sweetexpressllc.com,General Freight,Sweet Express/Omni Transportation,"85,000,000", "0", "0", "0", 87 , 425 , 512 , 71 ,"1,092","1,163", 292 , 75 , 367
200,204,"Lavalle Transportation, Inc.",Potsdam,NY,575205,Randy Lavalley,President,www.lti.cc,General Freight,,"93,628,079", "0", "0", "0", 265 , 169 , 434 , "0","1,426","1,426", 166 , 265 , 431
201,189,"WEL Companies, Inc.",De Pere,WI,166046,Bruce Tielens,Chairman & CEO,www.welcompanies.com,Refrigerated,"WEL Companies, Inc.","121,195,426", "0", "0", "0", 111 , 266 , 377 , "0", 800 , 800 , 240 , 111 , 351
202,210,Transystems LLC,Great Falls,MT,179858,Scott Lind,President,,Tank/Bulk Commodities,,, "0", "0", "0", "0", 323 , 323 , "0", 690 , 690 ,,, 719
203,206,"Miller Truck Lines, LLC",Stroud,OK,125792,Bobby Miller,President,www.millertl.com,Flatbed/Specialized/Heavy Haul,,, "0", "0", "0", 228 , 185 , 413 , 227 ,"1,100","1,327",,, 445
204,228,N&M Transfer Co Inc,Neenah,WI,191755,Thomas Pawlacyk,President,www.nmtransfer.com,General Freight,,, 3 , 20 , 23 , 107 , 261 , 368 , 57 , 415 , 472 ,,, 476
205,221,G&D Integrated,Morton,IL,291139,Jeff Cohen,COO,www.gdintegrated.com,General Freight,"G&D Integrated, Inc./G&D Integrated Transportation, Inc.",, "0", 1 , 1 , 4 , 439 , 443 , 638 ,"1,624","2,262",,, 325
206,214,Modern Transportation Services,Pittsburgh,PA,290790,Patrick Cozzens,President,www.moderntrans.com,Tank/Bulk Commodities,,"85,600,000", "0", "0", "0", 382 , 1 , 383 , 80 , 488 , 568 , 460 , 16 , 476
207,201,"PI&I Motor Express, Inc.",Sharon,PA,122443,Joseph J. Kerola,President,www.piimx.com,Flatbed/Specialized/Heavy Haul,"PI&I Motor Express, Inc.","96,000,000", "0", "0", "0", 415 , "0", 415 , 750 , "0", 750 , "0", "0", 355
208,216,JNJ Express,Memphis,TN,655796,,,,General Freight,,, "0", "0", "0", 400 , "0", 400 , 14 ,"1,625","1,639",,, 400
209,215,Warren Transport,Waterloo,IA,1896,James Schommer,President,www.warrentransport.com,Flatbed/Specialized/Heavy Haul,,, "0", "0", "0", 400 , 4 , 404 , "0","1,300","1,300",,, 404
210,217,"J&M Tank Lines, Inc.",Birmingham,AL,184405,"Harold Sumerford, Jr.",CEO,www.jmtank.com,Tank/Bulk Commodities,"J&M Tank Lines, Inc.","82,644,125", "0", "0", "0", 385 , 20 , 405 , 550 , 200 , 750 , 405 , 9 , 414
211,220,Service Transport Company,Houston,TX,229662,Wade Harrison,President,www.svtn.com,Tank/Bulk Commodities,Service Transport Company/EH Transport/CTL Transportation,"94,661,736", "0", "0", "0", 85 , 325 , 410 , 40 ,"1,000","1,040", 262 , 86 , 348
212,222,"Penn Tank Lines, Inc.",Chester Springs,PA,264473,"Jack A. McSherry, Jr.",President,www.penntanklines.com,Tank/Bulk Commodities,,, "0", "0", "0", 289 , 110 , 399 , "0", 445 , 445 ,,, 410
213,224,"KKW Trucking, Inc.",Pomona,CA,151877,Steve Benninghoff,COO,www.kkwtrucks.com,General Freight,"KKW Trucking, Inc.",, "0", 4 , 4 , 10 , 353 , 363 , "0","1,200","1,200",,, 363
214,227,Midland Transport,Dieppe,NB,180155,,,www.midlandtransport.com,General Freight,,, "0", "0", "0", 296 , 46 , 342 , "0","1,361","1,361",,, 404
215,223,Long Haul Trucking,Albertville,MN,282451,Jason Michels,CEO,www.longhaultrucking.com,Flatbed/Specialized/Heavy Haul,Long Haul Trucking,"97,700,000", "0", "0", "0", 207 , 132 , 339 , 120 , 280 , 400 , 135 , 200 , 335
216,230,Andrus Transportation Services,Saint George,UT,167651,James R Andrus,President,www.andrustrans.com,General Freight,,, "0", "0", "0", 105 , 241 , 346 , "0","1,016","1,016",,, 375
217,,"Online Transport, Inc.",Greenfield,IN,848251,Dan Cook,President,www.onlinetransport.com,General Freight,,, "0", "0", "0", 412 , "0", 412 , "0","1,217","1,217",,, 240
218,231,Ergon Trucking,Jackson,MS,137758,,,,Tank/Bulk Commodities,,, "0", "0", "0", 231 , 169 , 400 , 36 , 477 , 513 ,,, 354
219,218,"D.M. Bowman, Inc.",Williamsport,MD,135530,Brian Hill,CEO,www.dmbowman.com,General Freight,"D.M. Bowman, Inc.","101,351,506", "0", "0", "0", "0", 298 , 298 , "0","1,442","1,442", 337 , "0", 337
220,203,"Salem Carriers, Inc.",Winston Salem,NC,229354,Thomas Teague,President,www.salemcarriers.com,Dedicated Contract Carriage,"Salem Carriers, Inc.","65,643,700", 34 , "0", 34 , 346 , "0", 346 ,"1,398", "0","1,398", 386 , "0", 386
221,225,"Coastal Transport Co., Inc.",San Antonio,TX,36647,Joe A. Morgan,President/COO,www.coastaltransport.net,Tank/Bulk Commodities,"Coastal Transport Co., Inc.","78,302,981", "0", "0", "0", "0", 342 , 342 , "0", 413 , 413 , 350 , "0", 350
222,,Raider Express,Fort Worth,TX,817781,"Mike Eggleton, Jr.",Vice President,www.raiderexpress.com,Refrigerated,,, "0", "0", "0", 2 , 335 , 337 , "0", 750 , 750 ,,, 350
223,233,Royal Express,Laredo,TX,838117,,,,General Freight,,, "0", "0", "0", "0", 336 , 336 , "0", 900 , 900 ,,, 341
224,237,McLeod Express,Decatur,IL,992986,Colt McLeod,President,www.mcleodexpress.com,General Freight,,"90,835,000", "0", "0", "0", "0", 310 , 310 , "0", 942 , 942 , 316 , 10 , 326
225,229,Kivi Bros Trucking,Duluth,MN,593718,Derek Kivi,CEO,wwwkivibros.com,Flatbed/Specialized/Heavy Haul,,"87,000,000", "0", "0", "0", "0", 300 , 300 , "0", 500 , 500 , 310 , 10 , 320
226,236,Andrews Logistics,Southlake,TX,736714,,,,Tank/Bulk Commodities,,, "0", "0", "0", 4 , 350 , 354 , "0", 800 , 800 ,,, 319
227,226,Florida Rock & Tank Lines,Jacksonville,FL,29628,Robert E. Sandlin,President,www.floridarockandtanklines.com,Tank/Bulk Commodities,Florida Rock & Tank Lines/Danfair Transport,"81,610,452", "0", "0", "0", 39 , 231 , 270 , "0", 412 , 412 , 316 , 31 , 347
228,238,Taylor Truck Line Inc.,Northfield,MN,124500,Rob Taylor,President,www.taylortruckline.com,General Freight,,, "0", "0", "0", 68 , 256 , 324 , 13 ,"1,143","1,156",,, 324
229,,"Tidewater Transit Co., Inc.",La Grange,NC,90882,Frank Famularo,President,www.tidewater-transit.com,Tank/Bulk Commodities,,"47,262,210", 37 , 219 , 256 , 40 , 274 , 314 , "0", 634 , 634 , 209 , 37 , 246
230,232,L&B Transport LLC,Baton Rouge,LA,281216,Louie Vielee,Owner,www.landbtransport.com,Tank/Bulk Commodities,"L & B Transport/Greenleaf Bulk Carriers, LLC/Trans Matic, Inc.",, 1 , "0", 1 , 326 , "0", 326 , 888 , "0", 116 ,,, 326
231,173,"Action Enterprise Holdings, LLC",Birmingham,AL,,Staci Pierce,CEO,www.actn.com,Tank/Bulk Commodities,"Action Resources, LLC/Stone Trucking, LLC/ Action Environmental, LLC",, "0", "0", "0", 118 , 226 , 344 , "0", 439 , 439 ,,, 286
232,241,"Risinger Bros. Transfer, Inc.",Morton,IL,244981,Stan Risinger,President,www.risingertrans.com,General Freight,,, "0", "0", "0", 55 , 273 , 328 , "0", 940 , 940 ,,, 258
233,244,Whiteline Express LTD,Plymouth,MI,186721,William Young,President,www.whiteline-express.com,General Freight,,, "0", "0", "0", "0", 312 , 312 , 795 , 450 ,"1,245",,, 306
234,,Spirit Truck Lines,San Juan,TX,437028,Joe David Garza,COO,www.spirittrucklines.com,General Freight,,, "0", "0", "0", 312 , "0", 312 ,"1,087", 116 ,"1,203",,, 309
235,239,"Butler Transport, Inc.",Kansas City,KS,324877,George Butler,President,www.butlertransport.com,Refrigerated,,"75,000,000", "0", "0", "0", "0", 300 , 300 , "0", 590 , 590 , 300 , "0", 300
236,250,KC Integrated Services,Carleton,MI,347778,Kenyon Calendar,CEO,www.kctrans.com,General Freight,,, "0", "0", "0", 276 , "0", 276 , 817 , 12 , 829 ,,, 337
237,242,"Matheson Trucking, Inc.",Sacramento,CA,80612,Mark Matheson,CEO & President,www.mathesoninc.com,General Freight,,, "0", "0", "0", "0", 248 , 248 , "0", 332 , 332 ,,, 383
238,248,"Southwestern Motor Transport, Inc.",San Antonio,TX,136555,Rick Eller,President,www.smtl.com,General Freight,,, 11 , 36 , 47 , 55 , 205 , 260 , 29 , 922 , 951 ,,, 307
239,235,Don Hummer Trucking Corp.,Cedar Rapids,IA,307512,Chris Hummer,President,www.donhummertrucking.com,General Freight,,"73,000,000", "0", "0", "0", 70 , 225 , 295 , "0", 770 , 770 , 220 , 70 , 290
240,243,Doug Andrus Distributing,Idaho Falls,ID,234,Clay Murdoch,CEO,www.dougandrus.com,Refrigerated,,"82,962,241", "0", 1 , 1 , 268 , "0", 268 , 510 , "0", 510 , 226 , 10 , 236
241,247,American Central Transport,Kansas City,MO,76198,Phil Wilt,President,www.americancentral.com,General Freight,"American Central Transport, Inc.","66,011,000", "0", "0", "0", 15 , 285 , 300 , "0","1,000","1,000", 271 , 15 , 286
242,249,Kriska Holdings LTD,Prescott,ON,297060,Mark Seymour,President,,General Freight,,, "0", "0", "0", 235 , 6 , 241 , 588 , 381 , 969 ,,, 356
243,,Kreilkamp Trucking,Allenton,WI,100139,John Kreilkamp,Chairman,www.kreilkamp.com,Refrigerated,,, "0", "0", "0", "0", 309 , 309 , "0","1,003","1,003",,, 211
244,219,"CDN Logistics, Inc.",Northlake,IL,781203,Bob Heinz,President,www.gocdn.com,General Freight,,, "0", 13 , 13 , 60 , 220 , 280 , 249 , 440 , 689 ,,, 238
245,245,"Indiana Western Express, Inc.",Springfield,MO,397707,Steven Coulter,President,www.iwxmf.com,Refrigerated,,, "0", "0", "0", "0", 274 , 274 , "0", 321 , 321 ,,, 302
246,246,Penner International Inc,Steinbach,MB,36281,Tom Van Dam,General Manager,www.penner.ca,General Freight,,"64,865,752", "0", "0", "0", 179 , 83 , 262 , "0", 795 , 795 , 63 , 229 , 292
247,,B-H Transfer Co.,Sandersville,GA,92690,Frank L. Young,President,www.b-htransfer.com,Tank/Bulk Commodities,,, "0", 3 , 3 , 143 , 124 , 267 , 230 , 341 , 571 ,,, 270
248,208,"Raven Transport Co., Inc.",Jacksonville,FL,268723,Stephen Silverman,COO,www.raventrans.com,General Freight,,, "0", "0", "0", 256 , 1 , 257 ,"1,300", "0","1,300",,, 220
249,,Royal Freight LP,Pharr,TX,959806,Bill Head,President,www.royalfreight.net,General Freight,,, "0", "0", "0", 256 , 4 , 260 , "0", 981 , 981 ,,, 198
250,,"Dedicated Logistics, Inc.",Oakdale,MN,618375,Tom Wintz,President,www.shipdli.com,Dedicated Contract Carriage,,, 3 , 17 , 20 , 60 , 182 , 242 , 205 , 503 , 708 ,,, 214
